y,id
6.129,5380
8.045,5381
3.828,5382
5.826,5383
7.536,5384
5.709,5385
36.770199999999996,5386
9.469,5387
4.236,5388
6.094,5389
9.402,5390
2.836,5391
3.989,5392
3.276,5393
15.139,5394
15.257,5395
10.592,5396
4.631666666666667,5397
6.322,5398
15.018,5399
11.213,5400
9.514,5401
5.27,5402
9.562,5403
15.75,5404
9.371,5405
15.613333333333332,5406
11.596,5407
5.089,5408
3.68,5409
2.675,5410
4.167,5411
4.183,5412
5.8102,5413
7.7236,5414
3.134,5415
4.052,5416
15.882,5417
5.421,5418
10.496,5419
8.209,5420
6.848,5421
3.487,5422
30.005,5423
11.554,5424
14.523,5425
18.42,5426
15.884,5427
4.847,5428
9.2884,5429
3.789,5430
17.775,5431
4.499,5432
15.907,5433
26.916,5434
16.651,5435
3.33,5436
11.815,5437
12.409,5438
3.945,5439
10.361,5440
3.989,5441
2.496,5442
14.139,5443
4.388,5444
10.223,5445
14.248,5446
3.131,5447
7.042,5448
2.078,5449
4.398333333333334,5450
3.792,5451
5.964,5452
11.3154,5453
26.205,5454
13.848,5455
16.758,5456
11.889,5457
11.705666666666666,5458
6.468,5459
4.111,5460
6.14,5461
6.988,5462
4.531,5463
12.436,5464
9.831,5465
11.122,5466
11.648,5467
4.873,5468
3.127,5469
16.731,5470
2.491,5471
8.608,5472
35.443,5473
5.216333333333334,5474
7.695,5475
7.2055,5476
42.434,5477
22.202,5478
5.104,5479
7.946333333333334,5480
11.356,5481
4.633,5482
2.913,5483
10.5068,5484
5.313,5485
14.208,5486
3.45,5487
4.785,5488
6.376,5489
5.0175,5490
8.995,5491
5.931,5492
5.813,5493
14.431,5494
6.364,5495
5.588,5496
9.688,5497
5.662,5498
8.711,5499
18.920333333333335,5500
12.082,5501
11.547,5502
1.873,5503
5.412666666666667,5504
4.586,5505
4.809,5506
3.19,5507
8.082,5508
3.349,5509
47.454,5510
8.679,5511
7.406,5512
5.751,5513
4.031,5514
14.075,5515
11.527,5516
9.35,5517
7.47,5518
8.6,5519
4.371,5520
21.537200000000002,5521
3.797,5522
4.652,5523
7.581,5524
9.453333333333333,5525
16.644,5526
3.1445,5527
5.189,5528
7.477,5529
10.918,5530
38.193,5531
6.048,5532
6.13,5533
7.066,5534
11.388,5535
6.609,5536
5.141,5537
4.009,5538
6.84,5539
3.242,5540
16.48,5541
2.489,5542
8.371,5543
21.563,5544
4.4165,5545
7.6288,5546
46.525,5547
6.904,5548
4.709,5549
6.643,5550
17.276,5551
9.118,5552
3.129,5553
10.506,5554
7.412,5555
13.047,5556
6.018,5557
15.083,5558
6.517,5559
4.943,5560
3.919,5561
16.097,5562
6.0205,5563
7.065,5564
17.094,5565
21.896,5566
21.953,5567
3.342,5568
5.19,5569
4.077,5570
13.61,5571
4.185,5572
4.291,5573
35.707,5574
10.415,5575
14.511,5576
4.769,5577
4.684,5578
5.14,5579
12.151,5580
4.207,5581
21.849,5582
36.599,5583
3.205666666666667,5584
4.949,5585
6.385,5586
21.618,5587
6.849,5588
16.235,5589
19.775,5590
3.097,5591
12.855,5592
9.278666666666666,5593
3.043,5594
6.487,5595
2.913,5596
3.422,5597
16.019,5598
7.576,5599
8.667,5600
16.893,5601
5.986,5602
8.918,5603
9.495,5604
8.81,5605
3.034,5606
21.708,5607
13.906,5608
3.01,5609
7.344,5610
2.567,5611
3.701857142857143,5612
2.956,5613
19.66,5614
4.833,5615
6.485,5616
19.469,5617
6.449,5618
5.295,5619
7.597,5620
4.086,5621
3.662,5622
5.342,5623
15.286,5624
9.445666666666668,5625
6.565,5626
7.486,5627
3.223,5628
5.067,5629
4.67,5630
9.525333333333334,5631
7.764,5632
4.302,5633
4.798,5634
5.853,5635
3.428,5636
4.069,5637
17.25,5638
14.907,5639
5.408,5640
3.787,5641
4.543,5642
6.251,5643
4.82,5644
7.452,5645
13.093,5646
14.013,5647
14.283,5648
5.462,5649
7.174,5650
38.698,5651
7.892,5652
3.819,5653
3.821,5654
2.604,5655
8.005,5656
5.195,5657
5.982,5658
1.809,5659
5.385,5660
5.55,5661
8.473,5662
5.393,5663
6.209,5664
2.943,5665
2.232,5666
14.326,5667
6.397,5668
5.316,5669
5.345,5670
4.212,5671
3.366,5672
2.943,5673
13.011,5674
11.552,5675
15.647,5676
19.947,5677
3.409,5678
27.314,5679
20.245,5680
10.995,5681
11.347666666666667,5682
3.792,5683
13.416,5684
7.500333333333333,5685
17.641,5686
2.77,5687
6.496,5688
21.655,5689
6.88,5690
4.564,5691
10.605,5692
6.366,5693
6.605,5694
7.221,5695
6.467,5696
8.665,5697
8.656,5698
7.041,5699
12.911,5700
9.847,5701
2.714,5702
5.921,5703
3.159,5704
45.523,5705
16.432,5706
3.2586666666666666,5707
9.625,5708
6.674,5709
2.887,5710
21.417,5711
6.761,5712
13.133,5713
8.0645,5714
4.7065,5715
9.26,5716
6.352,5717
8.179,5718
6.543,5719
18.6,5720
5.536,5721
19.425,5722
2.246,5723
4.644,5724
7.532,5725
6.941,5726
34.298,5727
16.797,5728
7.804,5729
3.75,5730
10.685799999999999,5731
3.093,5732
4.346,5733
8.213,5734
13.7875,5735
4.809,5736
5.167,5737
8.392,5738
13.308,5739
7.710333333333334,5740
13.812,5741
6.503,5742
12.087,5743
5.153,5744
9.996,5745
5.41,5746
6.698,5747
11.253,5748
6.111,5749
6.418,5750
10.361,5751
3.731,5752
4.499,5753
6.742,5754
2.876,5755
19.553,5756
3.9473333333333334,5757
4.801,5758
2.158,5759
3.289,5760
2.014,5761
41.26233333333333,5762
7.998,5763
3.879,5764
8.558,5765
8.472,5766
4.107,5767
4.176,5768
4.549,5769
11.152,5770
3.294,5771
5.829,5772
7.406333333333334,5773
7.702,5774
14.197,5775
13.513,5776
3.903,5777
4.777,5778
4.111,5779
4.778,5780
4.216,5781
5.356666666666667,5782
12.213,5783
4.769,5784
16.434,5785
11.009,5786
5.977,5787
8.655,5788
2.669,5789
14.314,5790
3.45,5791
4.445,5792
16.992,5793
3.711,5794
14.845,5795
8.346,5796
5.276,5797
10.565,5798
10.709,5799
15.547666666666668,5800
5.183,5801
4.294,5802
12.168,5803
5.812,5804
5.026,5805
10.14,5806
14.146,5807
11.224,5808
17.614,5809
9.392,5810
43.944333333333326,5811
6.722,5812
8.644,5813
11.449666666666666,5814
5.314,5815
7.436,5816
6.822,5817
7.92,5818
5.662,5819
12.983,5820
6.597,5821
6.027,5822
4.377,5823
38.024,5824
6.186,5825
7.7,5826
3.089,5827
2.868,5828
9.122,5829
6.563,5830
8.224,5831
5.957,5832
31.289,5833
5.146,5834
4.285333333333334,5835
5.687142857142857,5836
7.557,5837
5.604,5838
9.806,5839
11.87,5840
5.594,5841
5.304,5842
7.203,5843
8.209,5844
7.483,5845
9.639,5846
6.302,5847
4.044,5848
11.211,5849
13.551,5850
11.552,5851
7.91,5852
10.535,5853
2.401,5854
3.329,5855
13.96,5856
9.045,5857
3.909,5858
9.844,5859
4.492,5860
8.788333333333332,5861
8.474,5862
12.073,5863
13.128,5864
5.426,5865
13.505,5866
15.5375,5867
7.979,5868
9.27,5869
12.05,5870
9.77,5871
14.462,5872
11.205,5873
10.651,5874
9.094,5875
3.234,5876
3.197,5877
18.674,5878
10.676,5879
13.066,5880
13.01,5881
6.055,5882
10.321,5883
5.367,5884
15.353,5885
7.145,5886
7.975,5887
3.444,5888
19.009,5889
6.879,5890
6.73,5891
3.867,5892
4.872,5893
5.028,5894
13.6,5895
10.18,5896
7.854,5897
9.662,5898
16.382,5899
11.001,5900
5.892,5901
6.645,5902
18.013,5903
19.154,5904
2.034,5905
9.783,5906
1.87,5907
5.286,5908
21.976,5909
4.113,5910
5.107,5911
8.527,5912
3.151,5913
2.461,5914
6.417,5915
3.991,5916
10.637,5917
10.690666666666669,5918
6.216,5919
9.151,5920
4.299,5921
8.129,5922
8.9695,5923
2.772,5924
4.546,5925
16.805,5926
4.688,5927
2.662,5928
13.999,5929
8.295333333333334,5930
9.617,5931
2.46,5932
2.278,5933
33.255,5934
4.315,5935
15.166,5936
7.099,5937
10.447,5938
16.691,5939
25.453,5940
6.419166666666667,5941
6.05,5942
3.96,5943
22.728,5944
13.196,5945
5.853,5946
6.573,5947
4.997,5948
8.161,5949
10.022,5950
2.778,5951
10.032,5952
15.287,5953
8.632666666666665,5954
3.4176666666666664,5955
6.606,5956
6.1,5957
9.8578,5958
6.893,5959
12.296,5960
9.575,5961
8.782,5962
10.271,5963
5.108,5964
16.91,5965
3.654,5966
5.792,5967
3.937,5968
20.036,5969
5.723,5970
5.936,5971
9.646,5972
3.261,5973
9.872,5974
8.124,5975
18.058,5976
6.683,5977
5.663,5978
7.9585,5979
22.331,5980
6.029,5981
5.575,5982
4.622,5983
4.362,5984
12.285,5985
9.142,5986
4.996,5987
3.602,5988
3.869666666666667,5989
8.2815,5990
2.765,5991
10.656,5992
10.094,5993
26.678,5994
5.669,5995
7.558,5996
3.603,5997
8.352,5998
12.665,5999
16.945,6000
4.234,6001
3.428,6002
4.705,6003
6.905,6004
8.063,6005
14.473,6006
7.542,6007
11.608,6008
17.381,6009
14.599,6010
7.549,6011
9.231,6012
4.512,6013
3.093,6014
6.326133333333334,6015
2.875,6016
8.033,6017
10.722,6018
13.756333333333332,6019
5.892,6020
25.595,6021
11.750666666666666,6022
7.643,6023
8.6635,6024
3.739,6025
17.399,6026
5.197,6027
7.507,6028
5.053,6029
15.326,6030
4.997,6031
11.912,6032
5.763,6033
6.669,6034
43.361,6035
26.339333333333332,6036
7.465,6037
14.869333333333332,6038
5.714,6039
8.755,6040
4.487,6041
6.253,6042
10.89,6043
14.777,6044
11.209,6045
9.936666666666667,6046
4.258,6047
4.06,6048
3.998,6049
5.734,6050
4.191,6051
2.843,6052
2.848,6053
3.708,6054
2.905,6055
3.549,6056
20.236,6057
9.273,6058
2.507,6059
7.784,6060
4.528,6061
8.7025,6062
4.518,6063
4.271,6064
9.701,6065
2.732,6066
4.625,6067
10.033,6068
12.782,6069
5.341,6070
4.353,6071
7.191,6072
13.993,6073
5.358,6074
8.138,6075
13.263,6076
2.248,6077
7.896,6078
7.269,6079
13.184,6080
2.601,6081
3.611,6082
3.4976666666666665,6083
11.431,6084
18.961,6085
10.644,6086
13.0295,6087
8.265,6088
3.311,6089
6.625,6090
11.978,6091
5.907,6092
9.798,6093
6.163,6094
8.178,6095
7.783,6096
17.536333333333335,6097
17.124,6098
13.706,6099
35.593,6100
6.037,6101
11.063,6102
4.539,6103
8.849,6104
13.195,6105
10.425,6106
8.152,6107
29.875,6108
13.614,6109
3.283,6110
4.51,6111
9.219,6112
5.411,6113
3.789,6114
7.587,6115
6.420333333333334,6116
7.57,6117
11.053,6118
2.815,6119
15.911,6120
2.746,6121
40.5045,6122
5.5695,6123
5.012,6124
26.219,6125
4.559,6126
10.049,6127
12.816,6128
9.449,6129
7.18,6130
11.764,6131
5.554,6132
7.852,6133
16.983,6134
10.83,6135
27.411,6136
2.543,6137
8.043333333333333,6138
8.457666666666668,6139
5.475,6140
4.533,6141
5.745,6142
14.814333333333332,6143
5.92,6144
3.485,6145
4.72,6146
5.943,6147
4.655,6148
7.051,6149
6.327,6150
7.9785,6151
9.722,6152
15.768,6153
7.967,6154
15.966,6155
4.098,6156
2.262,6157
6.066,6158
8.86,6159
40.3886,6160
49.941,6161
11.344,6162
5.648,6163
5.858,6164
34.982,6165
8.955,6166
9.36,6167
6.132,6168
7.11,6169
8.002,6170
7.354333333333333,6171
6.113,6172
20.234,6173
6.227333333333333,6174
7.864,6175
21.858,6176
7.143,6177
4.371,6178
2.683,6179
5.422,6180
3.968,6181
4.506333333333333,6182
3.755333333333333,6183
4.438333333333334,6184
1.898,6185
11.008,6186
11.364,6187
6.116333333333333,6188
5.541,6189
7.921,6190
5.33,6191
6.112,6192
11.649,6193
3.542,6194
3.389,6195
4.276,6196
2.277,6197
9.231,6198
3.14,6199
17.877,6200
9.726,6201
4.974,6202
4.565,6203
66.928,6204
5.235,6205
4.611,6206
7.942,6207
8.944,6208
5.196,6209
17.193,6210
3.005,6211
8.5515,6212
8.702,6213
4.852,6214
4.913333333333334,6215
11.042,6216
6.826,6217
4.854,6218
6.769,6219
4.223466666666667,6220
4.773,6221
4.1,6222
4.729,6223
4.495333333333334,6224
20.189,6225
5.731,6226
9.402,6227
31.47,6228
2.59,6229
15.169,6230
10.062,6231
17.379,6232
5.677666666666666,6233
4.32,6234
9.478,6235
3.936,6236
18.17233333333333,6237
6.97,6238
47.734,6239
8.025,6240
6.244,6241
7.3365,6242
20.187,6243
7.503,6244
4.614,6245
7.028,6246
5.307666666666666,6247
21.264,6248
17.853,6249
21.866,6250
10.347,6251
9.126,6252
9.323,6253
16.266,6254
5.987,6255
13.007,6256
5.02,6257
15.343,6258
3.934,6259
7.032,6260
10.549,6261
13.013666666666666,6262
6.437,6263
3.117,6264
4.63,6265
5.135,6266
5.884,6267
4.899,6268
10.969,6269
5.233,6270
3.8126666666666664,6271
16.449,6272
3.842,6273
24.554,6274
5.168,6275
1.968,6276
4.502,6277
2.658,6278
5.167,6279
7.229,6280
35.697333333333326,6281
2.583,6282
8.361666666666666,6283
13.925333333333333,6284
4.022,6285
4.537,6286
3.788,6287
8.611,6288
5.25,6289
7.544,6290
1.466,6291
1.933,6292
8.345666666666666,6293
6.204,6294
8.373,6295
6.6,6296
3.496,6297
21.135,6298
18.228333333333335,6299
6.925,6300
9.633,6301
9.109,6302
15.329,6303
4.296666666666667,6304
6.082,6305
8.47,6306
3.738,6307
13.727,6308
5.907,6309
19.929,6310
8.34,6311
2.954,6312
3.207,6313
3.519,6314
6.042,6315
13.139,6316
7.017,6317
12.761,6318
3.4715,6319
37.562,6320
2.7643333333333335,6321
7.032,6322
8.775,6323
5.736,6324
28.352,6325
30.272,6326
3.053,6327
9.426,6328
7.184,6329
5.7893333333333334,6330
5.184,6331
5.469,6332
4.414,6333
9.304,6334
7.715,6335
2.364,6336
10.7,6337
6.708,6338
10.975,6339
4.7,6340
2.449,6341
5.15,6342
4.17,6343
3.5233333333333334,6344
4.387,6345
16.412,6346
8.181,6347
12.257,6348
8.275,6349
5.504,6350
5.203,6351
2.984,6352
8.099,6353
8.227,6354
11.705,6355
9.137,6356
2.407,6357
6.79,6358
5.793,6359
9.765,6360
3.786,6361
7.949,6362
10.501,6363
9.384,6364
5.210666666666667,6365
12.442,6366
17.429,6367
6.53,6368
3.058,6369
4.394,6370
4.977,6371
5.703,6372
5.463,6373
6.3725,6374
8.483,6375
54.47766666666667,6376
3.123,6377
6.118,6378
7.451642857142857,6379
11.04,6380
5.690666666666667,6381
3.299,6382
8.629,6383
5.511333333333333,6384
5.286,6385
4.813,6386
3.356,6387
9.561,6388
5.277,6389
50,6390
12.566,6391
6.618,6392
5.84,6393
9.671,6394
5.573,6395
13.901,6396
20.766,6397
5.26,6398
11.265,6399
3.23,6400
5.148,6401
5.8,6402
6.8901666666666666,6403
3.871,6404
9.938,6405
5.747,6406
6.461,6407
8.799,6408
23.261,6409
6.23,6410
6.006333333333333,6411
16.183,6412
4.312,6413
8.668,6414
5.797666666666667,6415
10.492,6416
16.268,6417
8.308,6418
4.741,6419
7.505,6420
7.838,6421
10.962,6422
2.66,6423
5.571,6424
15.414,6425
9.216,6426
6.748,6427
6.215,6428
7.797,6429
8.933,6430
7.711,6431
3.3986666666666667,6432
9.317,6433
6.617,6434
21.581,6435
6.708,6436
7.5645,6437
20.149,6438
6.831,6439
6.409,6440
9.551,6441
11.9,6442
7.247,6443
12.978,6444
9.516,6445
8.971,6446
3.818,6447
5.228,6448
4.479,6449
4.704,6450
14.439,6451
3.748,6452
3.391,6453
8.043,6454
10.596,6455
5.185,6456
3.738,6457
9.706,6458
6.61,6459
3.014,6460
4.896,6461
5.562,6462
3.839,6463
8.3355,6464
7.348,6465
3.251,6466
4.06,6467
3.218,6468
34.568,6469
10.213,6470
4.757,6471
9.192,6472
4.735,6473
4.842666666666666,6474
3.327,6475
8.5855,6476
3.1389333333333336,6477
4.807333333333333,6478
3.089,6479
2.716,6480
3.316,6481
4.215,6482
4.131,6483
4.156,6484
3.628,6485
5.082,6486
1.966,6487
10.633,6488
13.802,6489
3.316,6490
18.424,6491
8.262,6492
6.173,6493
8.209,6494
5.493333333333334,6495
8.307,6496
3.5633333333333335,6497
3.390666666666667,6498
4.736,6499
6.13,6500
2.686,6501
10.458,6502
10.805,6503
7.536,6504
15.268,6505
10.526,6506
11.043,6507
13.238,6508
5.063,6509
18.23,6510
6.044,6511
6.143,6512
11.205,6513
11.072,6514
6.527,6515
8.94,6516
5.31,6517
22.554,6518
8.724,6519
33.789,6520
8.77,6521
3.973,6522
2.172,6523
4.429,6524
4.583,6525
5.8485,6526
22.644,6527
32.152,6528
7.087,6529
3.21,6530
18.236,6531
5.844,6532
2.448,6533
12.893,6534
12.94,6535
8.549,6536
7.227,6537
4.762,6538
5.268,6539
3.82,6540
8.09,6541
4.071,6542
14.207,6543
11.499,6544
8.905,6545
2.973,6546
6.932,6547
2.841,6548
2.6223333333333336,6549
6.528,6550
8.835,6551
11.961,6552
6.241,6553
7.251,6554
12.127600000000001,6555
10.377,6556
8.052,6557
7.8435,6558
3.539,6559
6.724,6560
5.397,6561
17.174,6562
2.425,6563
3.752,6564
8.887,6565
7.291,6566
5.943,6567
7.021,6568
2.965,6569
3.297,6570
3.990666666666667,6571
3.063,6572
3.3563333333333336,6573
7.923,6574
5.672,6575
4.6,6576
7.901,6577
15.469,6578
8.17,6579
4.229,6580
6.139,6581
12.912,6582
9.125,6583
5.269,6584
6.203,6585
5.415,6586
5.716,6587
2.965,6588
48.387,6589
17.227,6590
14.0385,6591
3.698,6592
16.615,6593
25.758,6594
20.463,6595
14.944,6596
8.203,6597
10.639,6598
7.22,6599
5.653,6600
2.535,6601
13.116,6602
15.717,6603
16.081,6604
4.324,6605
4.507,6606
3.541,6607
21.23,6608
4.473,6609
4.846,6610
10.447,6611
15.452,6612
3.912,6613
37.613,6614
8.848,6615
5.237,6616
3.858,6617
21.369333333333334,6618
5.56,6619
6.811,6620
8.595,6621
9.385666666666667,6622
9.747,6623
6.914,6624
13.47,6625
11.26,6626
4.146,6627
9.853,6628
3.085,6629
2.979,6630
4.196,6631
26.24,6632
7.701,6633
12.9015,6634
13.915,6635
3.8953333333333333,6636
5.399,6637
4.055,6638
11.647,6639
10.790666666666668,6640
5.978666666666666,6641
2.099,6642
3.686,6643
10.649,6644
9.938,6645
21.986,6646
6.863,6647
6.703,6648
5.627,6649
3.758,6650
14.844333333333331,6651
9.078,6652
12.067,6653
2.885,6654
9.2358,6655
13.61,6656
6.738,6657
9.572333333333333,6658
11.169,6659
16.764,6660
10.427,6661
28.645,6662
6.866,6663
21.141,6664
3.689857142857143,6665
4.032666666666667,6666
20.89,6667
22.679,6668
4.877,6669
17.028,6670
5.826,6671
5.656,6672
7.152,6673
3.286,6674
8.7096,6675
5.179,6676
4.619,6677
6.329,6678
5.793333333333334,6679
9.95,6680
17.731,6681
11.445,6682
3.867,6683
4.328,6684
5.965,6685
5.534,6686
11.265333333333334,6687
7.166,6688
6.194,6689
2.5885,6690
9.634,6691
14.736,6692
5.647,6693
7.845,6694
4.091,6695
9.917,6696
8.770666666666667,6697
6.882,6698
12.912,6699
4.561,6700
4.862,6701
11.614,6702
9.819,6703
17.013,6704
3.228,6705
3.864,6706
7.69,6707
2.891,6708
17.755,6709
5.247,6710
13.8485,6711
6.878,6712
2.852,6713
2.581,6714
2.727,6715
11.494,6716
2.923,6717
13.677,6718
4.206,6719
4.625,6720
5.729,6721
6.373,6722
3.5,6723
4.415666666666666,6724
5.044666666666667,6725
10.912,6726
19.194,6727
3.091,6728
13.769,6729
22.115,6730
6.29,6731
23.071,6732
10.588,6733
35.031,6734
7.941,6735
5.556,6736
4.461,6737
9.267,6738
9.245,6739
16.688,6740
9.396,6741
5.842,6742
6.558,6743
6.648,6744
9.901,6745
5.197,6746
9.314,6747
2.358,6748
24.453,6749
6.116,6750
8.082333333333334,6751
5.546,6752
9.755,6753
6.978,6754
5.94,6755
21.308,6756
2.654,6757
8.933,6758
3.5,6759
20.68,6760
4.617,6761
5.935,6762
33.59,6763
5.346,6764
16.494,6765
32.044,6766
6.067333333333333,6767
9.801,6768
9.142,6769
11.072,6770
6.619,6771
42.704,6772
10.272,6773
25.101,6774
12.501,6775
4.664,6776
3.811,6777
4.663,6778
15.084,6779
15.914,6780
25.314666666666664,6781
12.46,6782
3.18,6783
6.449,6784
12.624,6785
5.245,6786
3.468,6787
3.762,6788
3.661,6789
11.258,6790
12.397200000000002,6791
18.266,6792
7.398,6793
13.111666666666668,6794
7.339,6795
8.816,6796
3.271,6797
16.107,6798
4.62,6799
8.298,6800
11.283,6801
3.355,6802
7.59,6803
5.624,6804
21.131,6805
4.874,6806
17.703,6807
2.457,6808
8.968,6809
4.788,6810
19.606,6811
6.498,6812
2.426,6813
6.153,6814
8.179,6815
2.383,6816
2.633,6817
19.657,6818
16.099,6819
4.372,6820
3.169,6821
7.975,6822
12.518,6823
18.845,6824
6.616,6825
17.733,6826
3.898,6827
12.184,6828
2.405,6829
49.716,6830
5.585,6831
3.566,6832
7.862,6833
12.67,6834
8.851333333333335,6835
5.34,6836
6.668,6837
12.192,6838
28.635,6839
11.148,6840
14.738,6841
6.555,6842
7.083,6843
6.308,6844
8.215333333333332,6845
4.944,6846
4.301,6847
4.931,6848
6.39,6849
13.843,6850
6.84,6851
15.206333333333331,6852
2.436,6853
3.514,6854
32.872,6855
8.808,6856
2.86,6857
3.49,6858
4.866666666666667,6859
21.430333333333337,6860
3.344,6861
24.524,6862
4.197,6863
14.573,6864
7.363,6865
5.854,6866
19.14,6867
4.191,6868
8.579,6869
7.82,6870
6.635,6871
9.453,6872
3.133,6873
17.733,6874
11.495,6875
5.133,6876
4.628,6877
6.271,6878
3.346,6879
4.668,6880
9.834,6881
4.999,6882
16.652,6883
11.731,6884
12.874,6885
4.027,6886
11.851,6887
55.492,6888
4.137,6889
2.2,6890
4.295,6891
5.472,6892
14.142,6893
19.224,6894
3.758,6895
2.161,6896
3.925,6897
10.435,6898
2.661,6899
35.334,6900
5.734,6901
4.768666666666666,6902
7.252,6903
18.202,6904
4.013,6905
3.449,6906
5.985,6907
3.353,6908
15.222,6909
15.23,6910
14.823,6911
4.578,6912
6.671333333333334,6913
7.416,6914
6.362,6915
4.401,6916
3.905,6917
10.423,6918
18.224,6919
4.621,6920
6.427,6921
19.8962,6922
23.95133333333333,6923
6.021,6924
4.093,6925
13.516,6926
7.06,6927
3.869,6928
2.941,6929
5.649,6930
27.879,6931
8.2525,6932
6.336,6933
2.586,6934
6.254,6935
10.301,6936
5.331,6937
4.957,6938
6.493,6939
11.144,6940
8.311,6941
4.779,6942
8.031,6943
9.063,6944
3.176,6945
10.139,6946
5.995,6947
9.777,6948
7.975,6949
18.931,6950
37.759,6951
8.466,6952
3.219,6953
11.754666666666665,6954
6.04,6955
16.881,6956
7.021,6957
15.475,6958
4.318666666666667,6959
4.293,6960
2.463,6961
5.303,6962
5.459,6963
25.445,6964
2.621,6965
5.404666666666666,6966
4.216,6967
5.095,6968
5.347,6969
3.565,6970
15.713,6971
14.164,6972
10,6973
12.356,6974
6.534,6975
21.477,6976
25.2,6977
3.18,6978
11.357,6979
19.796,6980
32.404,6981
9.503,6982
4.753,6983
10.972666666666665,6984
10.861,6985
12.492,6986
13.919,6987
3.678,6988
4.551,6989
9.133,6990
3.5915,6991
9.634,6992
12.801,6993
12.573,6994
3.0355,6995
3.824,6996
16.1316,6997
2.426,6998
10.906,6999
3.961,7000
3.565,7001
4.067,7002
9.673,7003
6.3,7004
5.615,7005
14.781,7006
9.318,7007
7.453,7008
5.611,7009
5.568,7010
4.16,7011
6.849,7012
4.288,7013
14.594,7014
4.954,7015
4.085,7016
12.26,7017
4.169,7018
5.176,7019
2.338,7020
8.3226,7021
3.055,7022
8.166,7023
14.563,7024
2.132,7025
7.494,7026
12.801,7027
4.744,7028
11.086,7029
11.472,7030
5.024,7031
6.775,7032
13.503,7033
3.145,7034
10.027,7035
11.507,7036
12.487,7037
2.661,7038
3.243,7039
14.172,7040
4.541,7041
16.789,7042
13.26,7043
7.544,7044
8.637,7045
1.92,7046
3.624,7047
35.952,7048
14.273,7049
4.940333333333334,7050
10.248,7051
2.984,7052
14.386,7053
3.8865,7054
8.882666666666667,7055
8.841,7056
8.088,7057
7.136333333333334,7058
19.031,7059
8.184666666666667,7060
3.318,7061
10.789,7062
20.01,7063
10.397,7064
5.447,7065
4.154,7066
14.165,7067
33.777,7068
7.659,7069
3.152666666666667,7070
4.548,7071
10.054666666666666,7072
4.785,7073
9.063,7074
5.2,7075
16.002,7076
4.424,7077
16.471,7078
8.059,7079
4.327,7080
7.068,7081
7.415666666666667,7082
7.617,7083
8.529,7084
17.475,7085
5.371,7086
5.17,7087
6.396,7088
5.943,7089
5.483,7090
9.949,7091
5.14,7092
5.777,7093
2.806,7094
14.7275,7095
19.589,7096
6.581,7097
7.072,7098
4.24,7099
3.52,7100
5.148,7101
3.018,7102
3.063,7103
24.985,7104
9.997,7105
14.304,7106
5.592,7107
5.863,7108
11.277,7109
11.018,7110
1.924,7111
7.919,7112
5.164,7113
6.571,7114
2.78,7115
15.415,7116
13.779,7117
3.488,7118
6.849,7119
6.017666666666666,7120
14.769,7121
5.065666666666667,7122
6.861142857142857,7123
7.388,7124
44.315,7125
7.574,7126
6.772,7127
14.623,7128
14.012,7129
5.942,7130
3.335,7131
7.435,7132
2.189,7133
4.461,7134
6.398,7135
4.591333333333334,7136
7.047,7137
12.978,7138
27.161,7139
5.859,7140
3.178,7141
4.586,7142
5.584,7143
4.869,7144
5.074,7145
13.142,7146
26.494,7147
7.322,7148
26.592,7149
2.876,7150
6.852,7151
5.755,7152
6.196,7153
4.435,7154
9.563,7155
7.619,7156
5.348,7157
8.923,7158
4.947,7159
3.111,7160
17.95,7161
7.2988,7162
8.149,7163
4.51,7164
3.931,7165
7.094,7166
8.135,7167
5.818,7168
3.992,7169
6.289,7170
8.484,7171
2.058,7172
2.688,7173
3.214,7174
11.405,7175
4.088,7176
7.264,7177
22.064,7178
10.313,7179
3.472,7180
6.26,7181
29.876,7182
2.823,7183
4.331,7184
8.413,7185
4.694,7186
4.222,7187
7.759,7188
19.647,7189
5.274,7190
3.444,7191
5.1255,7192
2.603,7193
11.54,7194
18.430666666666664,7195
4.269,7196
16.583,7197
21.121,7198
25.905,7199
5.455,7200
5.737,7201
3.7405,7202
16.697,7203
2.307,7204
8.302,7205
5.892,7206
7.509,7207
8.504,7208
18.029,7209
4.995,7210
6.207,7211
10.763,7212
5.911,7213
39.995333333333335,7214
9.308,7215
6.179,7216
6.312,7217
13.682,7218
2.355,7219
5.175,7220
13.3728,7221
13.188142857142857,7222
2.061,7223
9.752,7224
6.258,7225
4.168,7226
6.069,7227
5.68,7228
4.85,7229
2.938,7230
3.127,7231
7.577,7232
18.617,7233
2.354,7234
14.445,7235
23.662,7236
18.506,7237
9.893,7238
15.49,7239
4.946,7240
11.372,7241
5.845,7242
8.952,7243
2.733,7244
8.196666666666667,7245
4.362,7246
6.618,7247
11.911,7248
4.101,7249
4.122,7250
16.575,7251
8.828,7252
33.002,7253
7.88,7254
5.474,7255
8.862,7256
10.317,7257
3.719,7258
9.311,7259
5.614333333333333,7260
4.233,7261
4.72,7262
7.276,7263
6.848,7264
7.403,7265
7.964,7266
9.231,7267
10.136,7268
6.959,7269
6.537,7270
5.055,7271
5.22,7272
5.073,7273
3.524,7274
5.501,7275
5.009,7276
58.701,7277
3.431,7278
4.676,7279
8.119,7280
5.773,7281
12.677,7282
7.047,7283
3.614,7284
8.159,7285
3.578,7286
8.632,7287
3.76,7288
2.987,7289
10.364,7290
11.885,7291
5.441,7292
3.4225,7293
2.53,7294
6.321,7295
4.000666666666667,7296
11.981,7297
8.286,7298
22.043,7299
16.022,7300
12.871,7301
29.939,7302
8.857,7303
6.84,7304
7.302,7305
11.367,7306
9.019,7307
5.886,7308
4.065,7309
11,7310
3.314666666666667,7311
2.363,7312
5.308,7313
14.932,7314
14.1035,7315
12.4,7316
3.599,7317
13.123,7318
2.563,7319
2.227,7320
2.8206666666666664,7321
12.861,7322
10.813,7323
16.68,7324
5.54,7325
7.131,7326
10.426,7327
6.72,7328
4.757,7329
3.25,7330
8.433,7331
8.745,7332
8.279,7333
8.096,7334
2.711,7335
11.8608,7336
5.511,7337
7.754,7338
12.759799999999998,7339
29.937,7340
3.7706,7341
4.234,7342
7.173,7343
4.631,7344
3.141,7345
11.001,7346
5.329,7347
10.921,7348
17.074,7349
16.283,7350
3.965,7351
23.507,7352
12.616,7353
3.536,7354
11.695,7355
16.799666666666667,7356
13.298,7357
7.029,7358
4.789,7359
6.397,7360
5.924666666666666,7361
3.145,7362
4.419666666666667,7363
19.286,7364
16.2606,7365
4.002857142857144,7366
9.855,7367
12.171,7368
11.009,7369
5.58,7370
30.1606,7371
10.186333333333334,7372
9.576,7373
10.284,7374
7.648333333333333,7375
5.599,7376
28.339,7377
4.543,7378
7.8915,7379
9.184,7380
16.935,7381
10.595,7382
9.487,7383
12.195,7384
9.205,7385
9.458,7386
12.669,7387
4.167,7388
9.089,7389
8.31,7390
2.366,7391
3.382,7392
7.491,7393
12.664,7394
3.630666666666667,7395
1.852,7396
12.343666666666667,7397
4.741,7398
8.164,7399
12.034,7400
6.498,7401
9.851,7402
13.704,7403
5.283,7404
12.337,7405
8.199,7406
7.447666666666666,7407
14.487,7408
2.925,7409
13.209666666666665,7410
2.75,7411
7.949,7412
5.22,7413
4.053,7414
6.397,7415
3.719,7416
13.172,7417
7.426,7418
9.271,7419
4.311333333333334,7420
3.894,7421
2.048,7422
7.750666666666667,7423
9.234,7424
4.969,7425
6.632,7426
4.747,7427
2.606,7428
3.824,7429
5.748,7430
3.248,7431
5.383,7432
2.525,7433
7.877,7434
8.156,7435
3.176,7436
46.226,7437
27.298,7438
6.454,7439
4.235,7440
5.058,7441
3.526,7442
4.833,7443
9.51,7444
9.081,7445
4.75,7446
4.33,7447
3.8,7448
16.117,7449
2.97,7450
11.835,7451
8.373,7452
3.062,7453
6.7026666666666666,7454
6.965,7455
15.211,7456
9.549,7457
8.491,7458
12.825,7459
10.087,7460
8.2668,7461
15.905,7462
3.325,7463
3.419,7464
5.342,7465
2.678,7466
5.872,7467
8.908,7468
12.737,7469
8.261,7470
9.918,7471
5.476,7472
4.655,7473
5.117,7474
17.582,7475
4.178,7476
6.027,7477
2.287,7478
11.243,7479
8.198,7480
12.217,7481
52.092,7482
11.771,7483
5.849,7484
8.344,7485
3.892,7486
7.8028,7487
5.438,7488
9.383,7489
3.45,7490
3.76,7491
2.575,7492
5.799,7493
8.431,7494
2.48,7495
2.58,7496
11.117,7497
6.442,7498
9.7086,7499
6.994,7500
14.861,7501
9.278,7502
6.332,7503
6.425,7504
8.63,7505
4.851,7506
7.685,7507
4.236,7508
5.654333333333334,7509
28.443,7510
8.368,7511
8.686,7512
4.297,7513
7.99,7514
11.835,7515
13.042,7516
4.092,7517
13.731,7518
9.979666666666667,7519
4.607,7520
4.856,7521
4.101,7522
10.958,7523
22.936,7524
12.707,7525
21.907,7526
9.842,7527
4.721,7528
3.315,7529
6.222,7530
12.147,7531
5.515,7532
3.927,7533
20.966,7534
15.677,7535
18.888,7536
3.936,7537
3.657666666666667,7538
3.97,7539
8.073,7540
3.398,7541
9.467,7542
13.816,7543
5.639,7544
10.37,7545
5.883,7546
20.76,7547
15.103,7548
9.451,7549
14.953,7550
4.089,7551
5.176666666666666,7552
9.478,7553
14.179,7554
6.655,7555
3.776,7556
7.776,7557
5.561,7558
9.781,7559
6.855,7560
4.28,7561
6.63,7562
4.945,7563
12.027,7564
12.957,7565
2.461,7566
5.597,7567
6.541,7568
5.177,7569
2.188,7570
3.652,7571
8.327,7572
22.288,7573
7.542,7574
5.597,7575
24.944,7576
4.953,7577
3.839,7578
5.093,7579
33.44233333333333,7580
9.1,7581
5.863,7582
4.554,7583
5.259,7584
8.894,7585
15.216,7586
8.745,7587
22.114,7588
7.1193333333333335,7589
4.152,7590
8.429,7591
9.254,7592
2.737,7593
2.478,7594
1.946,7595
4.272,7596
2.8675,7597
2.144,7598
5.521,7599
4.528,7600
10.946,7601
2.929,7602
10.510666666666665,7603
4.826,7604
7.094,7605
9.208,7606
8.222,7607
16.893,7608
15.716,7609
8.757,7610
18.326,7611
5.568,7612
15.136,7613
10.166,7614
8.135,7615
3.685,7616
9.1695,7617
3.4296666666666664,7618
2.425,7619
3.597,7620
5.469333333333333,7621
17.532,7622
11.586,7623
9.754,7624
6.314,7625
9.296,7626
3.998,7627
2.913,7628
14.925,7629
7.582,7630
3.05,7631
8.197,7632
16.45,7633
7.16,7634
5.443,7635
4.863,7636
7.693,7637
3.775,7638
7.091,7639
4.739,7640
4.532,7641
17.163,7642
2.31,7643
16.957,7644
9.373666666666667,7645
11.587,7646
5.597666666666667,7647
2.368,7648
11.091,7649
12.287,7650
37.074,7651
4.398,7652
9.124,7653
6.776,7654
3.983,7655
7.796,7656
4.27,7657
15.29,7658
12.308,7659
14.754,7660
6.337,7661
3.321,7662
4.073,7663
7.756,7664
10.570666666666666,7665
14.175799999999999,7666
6.653,7667
3.9006666666666665,7668
7.236666666666666,7669
7.521,7670
10.814,7671
13.865,7672
3.208,7673
8.271,7674
5.437,7675
2.916,7676
7.543,7677
11.644,7678
3.766,7679
5.145,7680
4.949333333333333,7681
1.87,7682
6.414,7683
3.819,7684
4.502,7685
23.1,7686
7.101,7687
10.503,7688
5.718,7689
10.338,7690
5.723,7691
17.427,7692
8.411,7693
8.046,7694
10.678,7695
38.07,7696
2.446,7697
12.427,7698
6.551,7699
25.914,7700
12.089666666666668,7701
7.204,7702
4.517,7703
15.016,7704
5.346,7705
30.7645,7706
4.498,7707
27.623,7708
7.633,7709
5.801,7710
10.071,7711
7.351,7712
14.297,7713
6.846,7714
3.65,7715
4.133,7716
8.662,7717
3.245,7718
8.419,7719
2.888333333333333,7720
4.331,7721
5.278,7722
11.504,7723
4.767,7724
5.221,7725
6.861,7726
9.384333333333332,7727
4.469,7728
22.567,7729
9.307,7730
6.195,7731
9.813,7732
2.695,7733
6.927,7734
11.65,7735
9.6,7736
17.285,7737
3.361,7738
2.312,7739
39.781,7740
19.346,7741
13.4,7742
4.392,7743
4.415,7744
4.478,7745
13.668,7746
8.877,7747
3.076,7748
29.588,7749
3.771,7750
12.643,7751
13.628,7752
13.921,7753
4.13,7754
2.806,7755
12.534,7756
8.247,7757
6.823,7758
5.543,7759
10.328,7760
7.095,7761
4.877,7762
9.195,7763
9.359,7764
8.701,7765
5.141,7766
3.103,7767
8.404,7768
19.366,7769
11.179,7770
11.418,7771
9.162,7772
9.536,7773
3.769,7774
12.767,7775
3.051,7776
8.065,7777
9.674,7778
5.779,7779
6.864333333333334,7780
7.926333333333334,7781
3.457,7782
22.468,7783
10.301,7784
4.583,7785
18.136,7786
11.934,7787
29.452,7788
6.848,7789
4.57,7790
8.712,7791
5.724,7792
3.39,7793
7.967,7794
5.92,7795
11.019,7796
4.026,7797
5.686,7798
34.102,7799
5.783,7800
3.4935,7801
3.215,7802
2.002,7803
14.429,7804
5.218,7805
2.967,7806
2.962,7807
12.594,7808
9.787,7809
22.403,7810
5.928,7811
10.8774,7812
6.762,7813
2.261,7814
6.133,7815
16.333,7816
5.664,7817
7.971,7818
8.541,7819
3.136666666666667,7820
10.807,7821
13.241,7822
21.359,7823
9.372,7824
6.041,7825
2.872,7826
4.467,7827
4.727,7828
8.722,7829
12.46,7830
4.173666666666666,7831
9.085,7832
6.843,7833
4.248,7834
5.819,7835
9.64,7836
4.52,7837
2.662,7838
2.236,7839
7.619,7840
21.347,7841
15.885,7842
5.025666666666667,7843
2.625,7844
4.836,7845
7.14,7846
4.61,7847
3.939,7848
4.918,7849
5.972,7850
15.216,7851
3.838,7852
4.814,7853
8.894666666666668,7854
3.239,7855
9.087,7856
8.648,7857
2.093,7858
11.082,7859
5.215,7860
6.132,7861
5.574,7862
3.266,7863
13.5,7864
3.219,7865
2.835,7866
10.903,7867
7.785,7868
7.79,7869
21.35233333333333,7870
5.928,7871
15.402,7872
21.355,7873
26.336,7874
3.713,7875
7.96,7876
6.552,7877
9.918,7878
2.691,7879
5.928,7880
23.251,7881
7.135,7882
6.778,7883
6.057,7884
4.002,7885
4.455,7886
7.169,7887
4.489,7888
14.962,7889
8.615,7890
8.096,7891
12.748,7892
5.961,7893
5.346,7894
18.40066666666667,7895
11.807,7896
5.729,7897
5.655,7898
8.4656,7899
15.676,7900
12.938,7901
11.477,7902
11.676,7903
20.02,7904
4.243,7905
8.536,7906
9.177,7907
3.463,7908
21.587,7909
9.402666666666667,7910
5.79,7911
26.296,7912
9.829,7913
5.798,7914
16.119,7915
8.344,7916
4.615,7917
24.004,7918
2.97052380952381,7919
5.864,7920
2.3575,7921
7.199,7922
6.978,7923
22.401,7924
6.114,7925
18.916,7926
8.669,7927
4.262666666666667,7928
5.027,7929
3.261,7930
7.968,7931
6.329333333333333,7932
5.695,7933
9.739,7934
3.712,7935
4.335,7936
10.426,7937
6.059,7938
22.246,7939
10.567,7940
11.083,7941
7.31,7942
4.928,7943
5.185,7944
3.617,7945
14.549,7946
5.183,7947
4.962,7948
5.291,7949
5.407,7950
26.073,7951
10.218,7952
10.204,7953
6.619,7954
8.222333333333333,7955
10.133,7956
7.206,7957
12.234,7958
29.264,7959
2.139,7960
6.693,7961
22.161666666666665,7962
5.416,7963
3.684,7964
3.729,7965
12.803,7966
2.534,7967
12.329,7968
3.919,7969
15.703,7970
5.199,7971
7.302,7972
5.670666666666666,7973
17.007,7974
5.215,7975
1.981,7976
5.753333333333334,7977
7.007,7978
9.249,7979
4.7,7980
4.572,7981
8.308,7982
2.936166666666667,7983
2.158,7984
19.339333333333336,7985
3.396,7986
5.613,7987
20.326,7988
7.214,7989
12.243,7990
4.901,7991
3.916,7992
12.406,7993
4.706,7994
2.32,7995
6.811,7996
2.044,7997
4.951,7998
8.441,7999
16.565,8000
3.069,8001
5.84,8002
3.798,8003
11.86,8004
8.686,8005
10.737,8006
5.686,8007
6.979333333333334,8008
9.284,8009
6.031,8010
4.417,8011
2.141,8012
11.645,8013
5.779,8014
2.98,8015
26.642,8016
41.632,8017
11.278,8018
11.492,8019
10.419,8020
3.0065,8021
4.289,8022
7.573,8023
3.4123333333333337,8024
3.995666666666667,8025
9.62,8026
8.097,8027
3.966,8028
8.703666666666667,8029
8.08,8030
8.528,8031
2.173,8032
5.694,8033
12.55,8034
11.919,8035
5.624,8036
4.851,8037
5.386,8038
14.288,8039
10.754,8040
24.505333333333333,8041
2.521,8042
2.74,8043
10.396333333333335,8044
10.886,8045
12.818,8046
5.868,8047
10.264,8048
4.347,8049
11.329,8050
8.875,8051
15.535190476190477,8052
3.019,8053
5.984,8054
4.612,8055
13.895,8056
5.559,8057
20.002,8058
4.785666666666667,8059
3.423,8060
7.675,8061
6.253,8062
4.889,8063
5.154833333333333,8064
22.981,8065
7.005,8066
16.615,8067
5.549,8068
4.848,8069
14.992,8070
6.48,8071
3.912666666666667,8072
16.761,8073
19.313,8074
8.609,8075
4.64,8076
3.521,8077
11.633,8078
10.084,8079
6.640333333333333,8080
11.2965,8081
5.009333333333334,8082
6.719,8083
25.219,8084
10.091,8085
2.588,8086
9.731666666666667,8087
20.518,8088
4.938,8089
5.61,8090
4.509,8091
6.898,8092
6.289,8093
5.988,8094
18.976,8095
15.102666666666666,8096
6.73,8097
5.778,8098
9.087,8099
5.645,8100
4.657,8101
2.444,8102
5.116,8103
9.475,8104
3.473,8105
5.16,8106
5.8,8107
3.051,8108
4.447,8109
4.397,8110
11.689,8111
4.085,8112
15.788,8113
7.126,8114
5.044,8115
4.74,8116
2.171,8117
6.372,8118
10.004,8119
26.521,8120
12.996,8121
3.627,8122
4.366,8123
13.359,8124
8.614,8125
4.321,8126
21.168,8127
3.713,8128
5.127,8129
18.693,8130
3.508,8131
14.709,8132
7.558,8133
2.525,8134
6.294,8135
17.528,8136
17.428,8137
3.798,8138
4.677,8139
6.277,8140
3.917,8141
4.486,8142
5.165,8143
7.647,8144
8.254,8145
9.959,8146
32.385,8147
4.995,8148
8.601,8149
12.029,8150
3.671,8151
14.85,8152
5.46,8153
5.067,8154
34.215,8155
7.337,8156
10.941,8157
13.33,8158
3.128,8159
23.013,8160
5.327,8161
4.787,8162
6.419,8163
7.5415,8164
3.069,8165
5.377,8166
24.134,8167
7.041,8168
5.85,8169
5.107,8170
19.233,8171
3.187,8172
5.483666666666666,8173
2.955,8174
3.446,8175
9.041,8176
8.668,8177
19.972,8178
6.166,8179
16.347,8180
4.971,8181
10.126,8182
9.674,8183
12.167,8184
5.229,8185
23.491,8186
10.665,8187
11.048,8188
5.195,8189
5.633,8190
53.502,8191
4.559,8192
11.245,8193
6.035,8194
19.648,8195
4.926,8196
7.774,8197
8.176,8198
6.775,8199
9.426,8200
10.129,8201
10.318,8202
4.387,8203
15.052,8204
5.765333333333334,8205
3.7025238095238096,8206
3.219,8207
4.341,8208
7.463,8209
2.723,8210
7.732,8211
11.188,8212
25.219,8213
19.994,8214
11.939,8215
6.4,8216
7.637,8217
7.273,8218
12.962,8219
13.036,8220
7.027333333333334,8221
7.609,8222
5.51,8223
5.431,8224
4.528,8225
1.814,8226
16.579,8227
10.973,8228
6.918,8229
4.922,8230
3.403,8231
18.168,8232
10.361,8233
10.984333333333334,8234
8.256,8235
4.353,8236
5.58,8237
7.981,8238
13.574,8239
4.283,8240
3.61,8241
4.956,8242
10.85,8243
9.275,8244
5.324,8245
9.276,8246
5.09,8247
19.944,8248
7.977,8249
8.618,8250
10.373,8251
2.953,8252
7.228,8253
12.143,8254
4.548,8255
6.75,8256
6.7135,8257
11.466,8258
17.054,8259
11.975,8260
18.377,8261
25.671,8262
10.458,8263
5.447,8264
16.882,8265
6.7,8266
6.87,8267
3.671,8268
5.425,8269
4.699,8270
15.21,8271
16.312,8272
17.53,8273
5.416666666666666,8274
4.49,8275
4.561,8276
12.888,8277
4.216,8278
4.44,8279
6.808,8280
2.041,8281
8.08,8282
6.104,8283
9.078,8284
22.72,8285
17.467,8286
11.34,8287
62.702,8288
6.266,8289
6.684,8290
11.104,8291
3.272,8292
4.999,8293
6.803,8294
5.342,8295
10.298,8296
7.146,8297
7.276,8298
4.665,8299
4.674,8300
4.886,8301
4.739,8302
5.599,8303
12.936,8304
3.82,8305
9.178,8306
2.078,8307
5.774,8308
9.566,8309
5.619,8310
3.764,8311
2.741,8312
5.996333333333334,8313
15.811,8314
4.92,8315
6.092,8316
6.952,8317
2.304,8318
6.378166666666667,8319
4.092,8320
9.061,8321
7.31,8322
3.954,8323
6.258,8324
11.639,8325
8.04,8326
17.882,8327
11.6648,8328
4.053,8329
2.213,8330
6.239,8331
4.834,8332
4.779,8333
6.525,8334
11.06,8335
8.273,8336
3.143,8337
3.816333333333333,8338
3.967,8339
19.236,8340
15.381,8341
7.3,8342
8.012,8343
4.764,8344
7.848,8345
4.424,8346
6.622,8347
5.366,8348
2.964,8349
8.677,8350
10.966,8351
4.745,8352
8.077,8353
7.027,8354
4.546,8355
12.261,8356
4.983,8357
3.375,8358
6.691,8359
2.434,8360
9.266,8361
11.329,8362
11.67,8363
9.584,8364
39.488,8365
3.146,8366
4.867,8367
7.58,8368
8.827,8369
17.782,8370
8.814,8371
9.513,8372
2.409,8373
4.9955,8374
9.674,8375
19.344,8376
18.113,8377
10.324,8378
4.534,8379
3.762333333333333,8380
11.377866666666666,8381
2.559,8382
6.126,8383
10.49,8384
4.89,8385
14.821,8386
15.918,8387
4.578,8388
4.966,8389
4.839,8390
13.789,8391
15.117,8392
3.831,8393
2.9553333333333334,8394
9.246,8395
5.006,8396
10.576,8397
7.248,8398
2.315,8399
6.673,8400
2.211,8401
12.252,8402
3.027,8403
6.3,8404
7.706,8405
9.259,8406
6.632,8407
4.673,8408
10.854,8409
13.202,8410
7.085,8411
3.794,8412
3.618,8413
18.503,8414
28.772,8415
4.372,8416
39.106,8417
4.592,8418
16.459,8419
4.656,8420
5.545,8421
9.284,8422
11.507,8423
9.774,8424
7.002,8425
5.632,8426
5.719,8427
2.275,8428
7.867,8429
9.721,8430
15.893666666666668,8431
3.007,8432
3.625,8433
5.168,8434
13.343,8435
6.08,8436
32.629333333333335,8437
2.645,8438
7.194,8439
5.279,8440
3.221,8441
4.878333333333333,8442
10.455,8443
13.484,8444
5.717,8445
2.9256666666666664,8446
5.775,8447
7.306,8448
12.816,8449
34.725,8450
4.504,8451
13.25,8452
6.187333333333333,8453
7.313,8454
3.85,8455
5.046,8456
15.174,8457
7.279,8458
6.976,8459
5.48,8460
4.148,8461
20.105,8462
4.541666666666667,8463
2.734,8464
3.423666666666667,8465
4.955,8466
8.976,8467
6.605,8468
3.926,8469
4.444,8470
3.681,8471
10.281666666666668,8472
10.662,8473
11.02,8474
3.528,8475
7.628,8476
10.175,8477
5.817,8478
8.414,8479
6.207,8480
8.536,8481
3.56,8482
4.107,8483
4.183666666666666,8484
10.456,8485
6.582333333333334,8486
4.541,8487
6.89,8488
5.222,8489
6.143,8490
5.941,8491
37.298,8492
14.573,8493
9.666,8494
13.462,8495
7.7985,8496
13.302,8497
5.002,8498
3.795,8499
4.056,8500
10.354,8501
36.935,8502
9.19,8503
5.553,8504
7.824,8505
9.241666666666667,8506
20.786,8507
5.731,8508
15.024,8509
5.972,8510
30.293,8511
9.634,8512
8.14,8513
9.407,8514
3.169,8515
31.343,8516
7.17,8517
3.184,8518
9.738,8519
4.972,8520
6.279,8521
15.795,8522
13.198,8523
4.405,8524
4.428,8525
3.685,8526
4.642,8527
6.795,8528
3.502,8529
4.307333333333334,8530
7.533,8531
3.191,8532
8.614,8533
10.917,8534
37.092,8535
6.775,8536
2.0888,8537
7.389,8538
6.114,8539
4.367,8540
7.557,8541
16.002,8542
10.319333333333335,8543
10.75,8544
8.056,8545
7.769333333333334,8546
3.203,8547
7.914,8548
8.855,8549
3.5976666666666666,8550
5.269,8551
12.782,8552
4.989,8553
15.803,8554
3.079,8555
4.33,8556
13.962,8557
2.279,8558
8.176,8559
6.023,8560
6.529,8561
4.815,8562
3.673,8563
3.79,8564
3.447,8565
9.123,8566
9.276,8567
6.545,8568
4.682,8569
54.66933333333333,8570
6.461,8571
5.867,8572
8.978,8573
10.789,8574
13.469,8575
6.419,8576
4.478,8577
13.287,8578
8.901,8579
4.704333333333333,8580
4.688,8581
11.231,8582
12.924,8583
4.661,8584
15.886,8585
10.352,8586
10.977,8587
5.268,8588
6.494,8589
4.483,8590
7.957,8591
12.841,8592
9.811,8593
30.517333333333333,8594
4.78,8595
4.652,8596
8.188,8597
3.353,8598
6.196,8599
7.082,8600
4.61,8601
16.009,8602
9.088,8603
4.313,8604
10.549333333333333,8605
8.892,8606
57.356199999999994,8607
8.099,8608
6.029,8609
2.6126666666666667,8610
2.17,8611
6.804,8612
5.096,8613
33.776199999999996,8614
6.110666666666667,8615
5.013,8616
3.358333333333333,8617
3.933,8618
5.8196666666666665,8619
3.104,8620
7.141,8621
8.316,8622
8.591,8623
7.888,8624
3.11,8625
15.607,8626
2.809,8627
4.713333333333334,8628
6.448,8629
8.627,8630
5.855,8631
15.574,8632
12.929666666666666,8633
2.342,8634
2.841,8635
5.747,8636
2.635,8637
8.5745,8638
9.289,8639
4.039,8640
6.599,8641
8.618,8642
6.604,8643
6.949,8644
24.069,8645
10.909,8646
6.489,8647
20.895,8648
8.973,8649
10.67,8650
4.044666666666667,8651
4.117,8652
2.493,8653
4.848,8654
3.931,8655
6.177,8656
12.247,8657
3.833,8658
7.154,8659
3.283,8660
3.427,8661
3.469,8662
7.704,8663
6.741,8664
6.414,8665
6.244666666666666,8666
5.591,8667
6.661,8668
7.694,8669
5.489,8670
6.764,8671
29.868,8672
30.786,8673
18.902,8674
3.721,8675
7.91,8676
18.196,8677
6.083,8678
8.169666666666666,8679
11.302,8680
3.344,8681
1.797,8682
6.156,8683
5.381333333333334,8684
12.279,8685
9.703,8686
6.738,8687
16.764,8688
3.133,8689
3.216,8690
30.19,8691
4.633333333333333,8692
6.444,8693
4.681,8694
15.61,8695
17.306,8696
4.416,8697
5.373,8698
5.907142857142857,8699
5.149,8700
2.494,8701
2.939,8702
10.762,8703
8.244,8704
7.175,8705
17.41,8706
9.054,8707
10.134,8708
14.736,8709
2.931,8710
18.722,8711
15.38,8712
9.914,8713
4.81,8714
3.294,8715
13.925,8716
2.949,8717
9.775,8718
2.948,8719
18.196,8720
11.287,8721
5.003,8722
16.337,8723
11.974,8724
6.575666666666667,8725
4.394,8726
10.904,8727
5.269,8728
18.809,8729
15.59,8730
20.564,8731
7.535,8732
2.314,8733
10.876,8734
2.55,8735
5.247333333333333,8736
19.122,8737
13.64,8738
4.281,8739
7.932,8740
4.35,8741
9.141,8742
15.730333333333334,8743
24.77133333333333,8744
3.679,8745
5.606,8746
7.353,8747
2.487,8748
25.276,8749
13.799,8750
20.77,8751
4.425,8752
4.577666666666666,8753
4.862,8754
10.948,8755
11.297,8756
8.209,8757
4.658,8758
4.41,8759
2.865,8760
5.054,8761
3.036,8762
7.285,8763
3.13,8764
9.516,8765
10.011,8766
4.707,8767
18.941,8768
38.876,8769
4.627,8770
4.475,8771
5.258,8772
20.993,8773
4.160333333333334,8774
9.208,8775
8.844,8776
20.879,8777
11.631,8778
15.155,8779
5.145,8780
15.108,8781
2.591,8782
18.288,8783
3.96,8784
5.502,8785
6.24,8786
4.379,8787
11.961,8788
20.859,8789
1.877,8790
5.150666666666666,8791
22.327,8792
11.32,8793
4.569,8794
7.8566666666666665,8795
4.72,8796
6.7095,8797
1.752,8798
4.316,8799
8.929,8800
6.352,8801
3.115,8802
6.1,8803
20.596,8804
5.683,8805
4.960666666666666,8806
7.859,8807
32.762,8808
8.168,8809
7.455,8810
11.314,8811
9.031,8812
4.391,8813
5.956,8814
12.91,8815
2.425,8816
5.877,8817
11.892,8818
6.136,8819
7.883,8820
3.244,8821
5.645,8822
6.74,8823
7.361,8824
4.9976666666666665,8825
5.939,8826
5.816,8827
9.272,8828
5.787,8829
5.146,8830
6.143,8831
10.698,8832
7.194,8833
7.984,8834
7.535,8835
9.489,8836
5.529,8837
9.617,8838
6.426,8839
4.468,8840
9.635,8841
6.813,8842
4.168666666666666,8843
22.011666666666663,8844
7.702,8845
5.469,8846
2.269,8847
28.19533333333333,8848
3.12,8849
3.667,8850
7.678,8851
23.042,8852
6.6,8853
21.703,8854
7.719,8855
13.027,8856
13.598,8857
17.809,8858
4.597666666666667,8859
14.012,8860
4.956,8861
4.988,8862
8.975,8863
5.514,8864
8.092,8865
9.941,8866
6.013,8867
6.026,8868
2.878,8869
12.196,8870
2.5046666666666666,8871
6.718,8872
3.907,8873
2.324,8874
4.551666666666667,8875
4.023,8876
5.6865,8877
5.993,8878
15.426,8879
4.909,8880
4.685,8881
16.911,8882
5.817,8883
3.977,8884
14.432,8885
6.803,8886
6.034,8887
13.144,8888
3.415,8889
4.563,8890
6.454,8891
4.932,8892
9.777,8893
8.232,8894
4.012,8895
13.135,8896
4.397,8897
5.749,8898
6.861,8899
5.83,8900
10.386,8901
5.329,8902
24.622,8903
6.097,8904
5.011,8905
32.747,8906
11.795,8907
2.654,8908
11.388,8909
10.428,8910
14.607,8911
5.909,8912
7.117,8913
10.026,8914
3.191,8915
5.149,8916
3.564,8917
3.6115,8918
9.849,8919
35.912,8920
2.249,8921
15.565,8922
5.03,8923
7.781,8924
6.229,8925
7.354,8926
5.844,8927
5.853,8928
8.88,8929
7.531,8930
7.553,8931
6.428,8932
2.355,8933
15.401,8934
3.871,8935
2.881,8936
5.828,8937
3.08,8938
13.347,8939
34.49,8940
9.315,8941
22.386,8942
4.031,8943
3.186,8944
5.391666666666666,8945
9.343,8946
11.604,8947
5.776,8948
9.172,8949
12.296,8950
5.629333333333333,8951
3.213,8952
3.454,8953
5.113,8954
4.953,8955
4.468,8956
7.631,8957
9.767666666666669,8958
5.324,8959
25.862,8960
41.961,8961
6.681,8962
4.888,8963
4.42,8964
5.789,8965
5.895,8966
2.333,8967
7.822,8968
4.361,8969
9.491,8970
10.522,8971
7.364,8972
5.13,8973
8.068,8974
8.51,8975
2.87,8976
6.98,8977
3.5033333333333334,8978
28.38,8979
5.273,8980
5.5265,8981
5.875,8982
11.26,8983
7.484,8984
5.137,8985
5.684,8986
8.048,8987
12.263,8988
5.175,8989
21.494,8990
8.833,8991
13.471,8992
4.866,8993
3.347,8994
2.801,8995
22.005,8996
14.179,8997
2.989,8998
2.149,8999
7.842,9000
5.519,9001
6.167,9002
2.5,9003
9.051,9004
3.41,9005
10.702,9006
4.689,9007
13.462,9008
15.399,9009
13.079,9010
10.886,9011
3.052333333333333,9012
1.973,9013
4.699,9014
4.177,9015
3.193,9016
7.959,9017
3.563,9018
6.579,9019
13.714,9020
2.896,9021
8.619,9022
7.537,9023
2.752,9024
9.61,9025
5.403666666666666,9026
4.571,9027
2.454,9028
7.383,9029
7.414,9030
16.496,9031
6.192,9032
12.554,9033
2.129,9034
5.038,9035
7.673,9036
5.246,9037
3.28,9038
3.3223333333333334,9039
9.17,9040
21.114,9041
15.674,9042
20.014,9043
7.837,9044
12.77,9045
8.994,9046
6.602,9047
2.965,9048
3.3436666666666666,9049
5.366,9050
5.642,9051
5.274,9052
4.394,9053
37.437,9054
12.991666666666667,9055
5.053,9056
4.46,9057
6.202,9058
9.367,9059
9.054,9060
13.086,9061
5.88,9062
9.617,9063
9.6,9064
13.067,9065
4.246333333333334,9066
9.441,9067
3.659,9068
2.78,9069
7.598,9070
3.564666666666667,9071
23.732,9072
2.51,9073
7.258666666666666,9074
3.224,9075
2.7293333333333334,9076
4.519666666666667,9077
11.212,9078
3.1406666666666667,9079
4.463,9080
5.989,9081
29.939,9082
6.135,9083
6.311,9084
8.903,9085
13.413,9086
5.847,9087
9.074,9088
11.045,9089
47.361,9090
4.799,9091
7.873,9092
7.249,9093
6.328666666666667,9094
13.691,9095
11.327,9096
8.265333333333333,9097
2.798,9098
7.834,9099
7.875,9100
10.47,9101
7.637,9102
4.6722,9103
23.9,9104
3.8344,9105
6.341,9106
4.296,9107
15.464333333333334,9108
20.003,9109
11.399,9110
11.101,9111
23.663,9112
6.775,9113
6.709,9114
7.441,9115
7.686,9116
4.9315,9117
4.182,9118
3.659666666666667,9119
4.822,9120
14.779,9121
31.595,9122
3.651,9123
4.052,9124
3.595,9125
10.399,9126
8.912,9127
10.394,9128
6.64,9129
2.961,9130
8.902,9131
5.694,9132
8.61,9133
3.795,9134
3.153,9135
11.894,9136
4.014,9137
14.886,9138
4.069,9139
10.718,9140
4.959,9141
12.295,9142
4.146333333333333,9143
3.684,9144
9.182,9145
9.741,9146
4.196,9147
7.28,9148
5.258,9149
5.582,9150
13.468333333333334,9151
8.988,9152
2.476,9153
3.327,9154
13.184,9155
16.198,9156
3.663,9157
8.508,9158
7.928,9159
8.930666666666665,9160
9.07,9161
10.022,9162
5.21,9163
3.316,9164
4.4385,9165
2.642,9166
9.787,9167
2.988,9168
5.9055,9169
5.399666666666667,9170
8.391,9171
7.241,9172
3.696,9173
8.0946,9174
12.812,9175
12.65,9176
5.089,9177
4.785,9178
5.413,9179
3.027,9180
2.263,9181
9.84,9182
9.918,9183
14.654,9184
4.634,9185
8.29,9186
11.042,9187
5.761,9188
7.076,9189
9.485,9190
6.905,9191
6.374,9192
5.726,9193
8.834,9194
13.246,9195
8.505,9196
12.186,9197
6.638,9198
4.937,9199
2.953,9200
8.462,9201
36.253,9202
11.078,9203
9.054,9204
2.955,9205
15.436,9206
28.096,9207
34.052,9208
4.371,9209
29.058,9210
7.724,9211
13.375,9212
3.492,9213
5.084,9214
7.04,9215
8.575,9216
12.609666666666667,9217
5.177,9218
5.312,9219
27.459,9220
21.051,9221
4.287,9222
9.54,9223
10.633,9224
10.633,9225
7.353,9226
32.294,9227
4.119,9228
5.467,9229
4.721,9230
2.537,9231
4.158,9232
7.748,9233
7.173,9234
7.431,9235
10.423,9236
8.587,9237
2.047,9238
3.052,9239
10.718,9240
4.569,9241
10.432,9242
5.641,9243
3.9426,9244
10.135,9245
7.796666666666666,9246
5.468,9247
23.819,9248
3.458,9249
9.529666666666666,9250
5.879,9251
6.445,9252
13.993,9253
7.266,9254
28.19033333333333,9255
2.776,9256
14.417,9257
4.01,9258
14.161,9259
3.572,9260
6.18,9261
12.762,9262
4.528,9263
4.012,9264
42.179,9265
2.5886666666666667,9266
2.67,9267
38.99,9268
20.555,9269
4.018,9270
3.6433333333333335,9271
10.547,9272
5.821666666666666,9273
7.515,9274
4.079,9275
3.411,9276
3.305,9277
5.874,9278
5.696,9279
9.771,9280
3.789,9281
9.5816,9282
5.575,9283
7.363,9284
14.55,9285
4.965,9286
7.412,9287
11.827,9288
29.615,9289
10.281,9290
5.117,9291
2.839,9292
6.192,9293
6.064,9294
6.792,9295
8.295,9296
3.776,9297
8.914,9298
8.388,9299
17.826,9300
20.686,9301
6.284,9302
15.291,9303
15.835,9304
4.382,9305
3.396,9306
5.3105,9307
5.132,9308
2.902,9309
5.932,9310
4.428,9311
3.286,9312
10.398,9313
7.781,9314
18.95,9315
14.626,9316
8.049,9317
2.625,9318
8.568,9319
25.016,9320
4.8991999999999996,9321
5.046,9322
45.556,9323
7.684,9324
6.05,9325
3.611,9326
5.101,9327
2.688,9328
8.496,9329
3.511,9330
13.065,9331
9.452,9332
5.748,9333
17.364,9334
26.59,9335
10.612,9336
10.053,9337
3.983,9338
4.272,9339
9.109,9340
2.433,9341
5.312,9342
6.151,9343
3.287,9344
7.03,9345
6.854,9346
3.444,9347
6.981,9348
6.317,9349
3.11,9350
11.316,9351
12.391,9352
9.461,9353
6.721,9354
38.298,9355
8.393,9356
18.636,9357
3.808,9358
5.627,9359
2.49,9360
8.602,9361
4.635,9362
32.261,9363
11.721,9364
2.615,9365
18.434333333333335,9366
2.76,9367
8.724,9368
4.453,9369
10.733,9370
5.881,9371
2.533,9372
2.7995,9373
3.855,9374
5.6318,9375
5.275,9376
7.003,9377
14.085666666666668,9378
10.45,9379
4.981,9380
4.56,9381
6.445,9382
5.75,9383
21.985000000000003,9384
3.397,9385
4.032,9386
5.256,9387
13.132,9388
8.973,9389
5.148,9390
8.688,9391
5.083,9392
4.576,9393
4.773,9394
3.018,9395
25.025,9396
20.802,9397
5.568,9398
40.666,9399
6.033,9400
5.373,9401
6.496,9402
16.949,9403
8.65,9404
3.315,9405
5.832,9406
11.429,9407
7.17,9408
7.72,9409
12.161,9410
17.019,9411
10.668,9412
5.355,9413
14.098,9414
3.9215,9415
25.421,9416
6.021,9417
19.623,9418
9.94,9419
63.13,9420
22.834,9421
8.565,9422
14.105,9423
4.454,9424
2.794,9425
6.887,9426
10.39,9427
23.374,9428
6.457,9429
7.139,9430
11.147,9431
10.06,9432
8.935,9433
6.314,9434
2.511,9435
11.643,9436
6.684,9437
16.433,9438
19.894,9439
15.4685,9440
5.39,9441
7.654333333333334,9442
10.363,9443
4.187,9444
8.138,9445
3.7713333333333336,9446
5.904,9447
5.823,9448
15.948,9449
5.214,9450
7.594,9451
30.987666666666666,9452
3.764,9453
13.350666666666667,9454
8.611,9455
2.613,9456
9.21,9457
2.549,9458
15.8548,9459
4.314,9460
5.759,9461
6.972,9462
14.316,9463
6.986,9464
8.836,9465
12.78,9466
7.979,9467
15.191,9468
5.386,9469
3.881,9470
8.103,9471
14.41,9472
5.277333333333334,9473
16.299,9474
6.021,9475
3.677,9476
14.585,9477
11.054,9478
13.188,9479
6.033,9480
7.168,9481
5.481,9482
3.672,9483
3.113,9484
6.504,9485
10.418,9486
7.437,9487
3.599,9488
9.575,9489
3.781,9490
8.318,9491
8.19,9492
6.418,9493
6.1008000000000004,9494
9.086,9495
4.207,9496
4.594,9497
5.713,9498
2.763,9499
3.815,9500
5.639,9501
3.468,9502
5.411666666666666,9503
13.722,9504
3.1,9505
8.957,9506
2.9181666666666666,9507
18.224,9508
31.322,9509
4.571,9510
6.291,9511
6.977,9512
6.077,9513
5.003,9514
15.675,9515
9.182,9516
5.670333333333334,9517
3.036,9518
5.374,9519
3.9586666666666668,9520
12.886,9521
6.855,9522
6.332,9523
5.5,9524
4.285,9525
15.861,9526
6.983,9527
14.446,9528
10.541,9529
4.446,9530
9.057,9531
5.461,9532
5.217,9533
2.357333333333333,9534
7.329,9535
8.659,9536
13.441,9537
6.57,9538
11.083,9539
4.206,9540
11.292,9541
12.171,9542
7.342,9543
7.457,9544
6.006,9545
4.8115,9546
5.42,9547
2.669,9548
5.338,9549
6.295,9550
5.901,9551
5.673,9552
13.86,9553
3.622,9554
13.723,9555
7.99,9556
3.5346666666666664,9557
5.601,9558
18.483,9559
4.245,9560
6.307,9561
26.448,9562
2.761,9563
5.284,9564
3.579,9565
15.9526,9566
3.61,9567
12.768,9568
4.184666666666666,9569
4.151666666666666,9570
6.559,9571
3.028,9572
11.034,9573
7.545,9574
9.857,9575
3.991,9576
5.487,9577
6.207,9578
24.779,9579
5.043,9580
2.924,9581
2.964,9582
8.417,9583
4.474,9584
5.811,9585
7.689,9586
3.696,9587
16.844,9588
7.397,9589
5.022,9590
6.342,9591
6.195,9592
7.883,9593
6.665,9594
12.243799999999998,9595
3.924,9596
4.077,9597
11.717,9598
4.95,9599
13.585,9600
5.473,9601
3.052,9602
4.124,9603
9.474,9604
26.219,9605
2.781,9606
13.944,9607
4.7195,9608
9.24,9609
2.287,9610
3.5243333333333333,9611
22.119,9612
14.953,9613
2.711,9614
6.958,9615
4.218666666666666,9616
4.739,9617
3.992,9618
7.914,9619
3.604,9620
18.496,9621
2.362,9622
7.496,9623
7.01,9624
5.625,9625
10.159,9626
8.465666666666666,9627
6.21,9628
3.764,9629
2.7855,9630
5.325,9631
7.343,9632
3.8,9633
19.501,9634
10.483,9635
3.312,9636
2.273,9637
22.221,9638
12.548,9639
9.377,9640
9.384,9641
6.698,9642
3.6466666666666665,9643
10.915666666666668,9644
14.092,9645
7.306,9646
33.223,9647
9.543,9648
2.192,9649
4.114,9650
9.275,9651
4.106,9652
9.339,9653
15.422,9654
4.195666666666667,9655
7.006,9656
31.641,9657
5.292,9658
4.216,9659
11.068,9660
6.517,9661
13.531,9662
4.979,9663
5.557,9664
2.734,9665
8.886,9666
4.11,9667
4.82,9668
8.795,9669
3.345,9670
5.426666666666667,9671
9.416,9672
4.555,9673
7.507,9674
13.996,9675
2.474,9676
10.592,9677
11.178,9678
8.833,9679
7.393,9680
8.122,9681
15.345,9682
9.133,9683
3.999,9684
3.886,9685
20.691,9686
11.055,9687
10.09,9688
5.195,9689
11.031,9690
8.502,9691
3.6021666666666663,9692
3.367,9693
16.321,9694
3.615,9695
4.876,9696
3.622,9697
5.267,9698
6.582,9699
5.065,9700
3.214,9701
18.656,9702
8.735,9703
15.907,9704
3.981,9705
4.302,9706
5.153,9707
3.682,9708
4.888,9709
12.313,9710
15.543,9711
9.739,9712
9.085,9713
2.9695,9714
12.982,9715
6.931,9716
15.683,9717
3.545,9718
3.527,9719
3.543,9720
3.278,9721
8.185,9722
17.905,9723
8.571,9724
4.525,9725
5.529,9726
5.156,9727
17.17,9728
7.771,9729
4.414,9730
5.552,9731
14.229,9732
8.524,9733
4.753,9734
2.246,9735
5.164,9736
8.485,9737
7.806,9738
8.002,9739
4.016,9740
8.157,9741
7.629,9742
14.986,9743
7.534,9744
7.441,9745
9.831,9746
7.176,9747
10.616,9748
12.981,9749
3.619,9750
5.841,9751
14.299,9752
5.233,9753
7.148,9754
6.474,9755
3.996,9756
24.377,9757
34.551,9758
7.782,9759
8.07,9760
8.775,9761
14.52,9762
12.324,9763
10.763,9764
5.843,9765
7.837666666666667,9766
7.603,9767
10.88,9768
9.951,9769
2.847,9770
6.456,9771
2.804,9772
3.217,9773
5.871,9774
8.992,9775
4.516,9776
5.492,9777
4.575,9778
8.743,9779
11.879666666666665,9780
14.502,9781
17.582,9782
